OID_,UID,siteID,siteuse,replsite,lon_WGS84,lat_WGS84,stratum,wgt,ip,caty,GRID_ID,location,year,MERGE_SRC,class_geog,class_e,class_djg,Accept/Reject,Comment,Replaces
1,DJGSite-001,Site-001,Base,None,-118.0807855,33.741362,estuary,856.2,0.001167951,None,KAK-3304,Anaheim Bay,2023,per meeting,south,Large perenially-open lagoon,estuary,,,
2,DJGSite-002,Site-002,Base,None,-118.0354766,33.68647342,estuary,856.2,0.001167951,None,KHV-3572,Bolsa chica - fully tidal,2022,polygons_new_2022,south central,Large perenially-open lagoon,estuary,,,
3,DJGSite-003,Site-003,Base,None,-118.0718989,33.74656441,estuary,856.2,0.001167951,None,KBU-3277,Anaheim Bay,2023,per meeting,south,Large perenially-open lagoon,estuary,,,
4,DJGSite-004,Site-004,Base,None,-117.2895053,33.0888314,estuary,856.2,0.001167951,None,PAB-6457,Batiquitos Lagoon,2022,san_diego_eelgrass_sites_2021_2022_2023\batiquitos_lagoon_eelgrass_aug2022.shp,south,Large perenially-open lagoon,estuary,,,
5,DJGSite-005,Site-005,Base,None,-118.1321584,33.77314526,estuary,856.2,0.001167951,None,JSC-3150,Colorado lagoon,2022,polygons_new_2022,north central,Intermittently open estuary,estuary,,,
6,DJGSite-006,Site-006,Base,None,-118.0622192,33.73675308,estuary,856.2,0.001167951,None,KDJ-3325,Anaheim Bay,2023,per meeting,south,Large perenially-open lagoon,estuary,,,
7,DJGSite-007,Site-007,Base,None,-117.3318271,33.14196977,estuary,856.2,0.001167951,None,OSZ-6199,Agua Hedionda Lagoon,2021,san_diego_eelgrass_sites_2021_2022_2023\agua_hedionda_lagoon_eelgrass_april2021.shp,south,Large perenially-open lagoon,estuary,,,
8,DJGSite-008,Site-008,Base,None,-117.322947,33.14216784,estuary,856.2,0.001167951,None,OUK-6197,Agua Hedionda Lagoon,2021,san_diego_eelgrass_sites_2021_2022_2023\agua_hedionda_lagoon_eelgrass_april2021.shp,south,Large perenially-open lagoon,estuary,,,
9,DJGSite-009,Site-009,Base,None,-118.0823888,33.73084351,estuary,856.2,0.001167951,None,KAE-3356,Anaheim Bay,2023,per meeting,south,Large perenially-open lagoon,estuary,,,
10,DJGSite-010,Site-010,Base,None,-118.0762226,33.73638643,estuary,856.2,0.001167951,None,KBD-3328,Anaheim Bay,2023,per meeting,south,Large perenially-open lagoon,estuary,,,
11,DJGSite-011,Site-011,Base,None,-117.8887502,33.64550868,small_embayment,372.8,0.002682403,None,LFK-3762,Newport back bay,2022,polygons_new_2022,south central,Open bay_harbor,small_embayment,Reject,No Grass - desktop,
12,DJGSite-012,Site-012,Base,None,-117.8934771,33.62179329,small_embayment,372.8,0.002682403,None,LET-3880,Newport back bay,2022,polygons_new_2022,south central,Open bay_harbor,small_embayment,,,
13,DJGSite-013,Site-013,Base,None,-118.2774206,33.70887981,small_embayment,372.8,0.002682403,None,IVE-3480,Cabrillo beach,2022,polygons_new_2022,north central,Open bay_harbor,small_embayment,,,
14,DJGSite-014,Site-014,Base,None,-118.1519629,33.75838112,small_embayment,372.8,0.002682403,None,JOZ-3225,East San Pedro Bay,2016,eelgrass,north central,Open bay_harbor,small_embayment,,,
15,DJGSite-015,Site-015,Base,None,-117.886309,33.64667347,small_embayment,372.8,0.002682403,None,LFU-3756,Newport back bay,2022,polygons_new_2022,south central,Open bay_harbor,small_embayment,Reject,No Grass - desktop,
16,DJGSite-016,Site-016,Base,None,-117.8973517,33.6210584,small_embayment,372.8,0.002682403,None,LED-3884,Newport back bay,2022,polygons_new_2022,south central,Open bay_harbor,small_embayment,,,
17,DJGSite-017,Site-017,Base,None,-118.2799541,33.70944092,small_embayment,372.8,0.002682403,None,IUT-3478,Cabrillo beach,2022,polygons_new_2022,north central,Open bay_harbor,small_embayment,,,
18,DJGSite-018,Site-018,Base,None,-118.1388356,33.75288772,small_embayment,372.8,0.002682403,None,JRC-3251,East San Pedro Bay,2016,eelgrass,north central,Open bay_harbor,small_embayment,,,
19,DJGSite-019,Site-019,Base,None,-117.8870042,33.631926,small_embayment,372.8,0.002682403,None,LFT-3829,Newport back bay,2022,polygons_new_2022,south central,Open bay_harbor,small_embayment,Reject,No Grass - desktop,
20,DJGSite-020,Site-020,Base,None,-117.6973066,33.45673282,small_embayment,372.8,0.002682403,None,MKV-4679,Dana Point Harbor Common Eelgrass Beds,2023,san_diego_eelgrass_sites_2021_2022_2023\dana_point_harbor_eelgrass_march2023.shp,south central,Open bay_harbor,small_embayment,,,
21,DJGSite-021,Site-021,Base,None,-117.2486559,32.76281466,large_embayment,4194.4,0.000238413,None,PIL-8066,Mission Bay,2023,per meeting,south,Open bay_harbor,large_embayment,,,
22,DJGSite-022,Site-022,Base,None,-117.1508601,32.66006252,large_embayment,4194.4,0.000238413,None,PYU-8563,San Diego Bay,2017,eelgrass,south,Open bay_harbor,large_embayment,,,
23,DJGSite-023,Site-023,Base,None,-117.2228076,32.67963838,large_embayment,4194.4,0.000238413,None,PNB-8475,San Diego Bay,2017,eelgrass,south,Open bay_harbor,large_embayment,,,
24,DJGSite-024,Site-024,Base,None,-117.2234807,32.7911722,large_embayment,4194.4,0.000238413,None,PMI-7923,Mission Bay,2023,per meeting,south,Open bay_harbor,large_embayment,,,
25,DJGSite-025,Site-025,Base,None,-117.1168884,32.63797678,large_embayment,4194.4,0.000238413,None,QEK-8668,San Diego Bay,2017,eelgrass,south,Open bay_harbor,large_embayment,,,
26,DJGSite-026,Site-026,Base,None,-117.1200734,32.64209966,large_embayment,4194.4,0.000238413,None,QDW-8648,San Diego Bay,2017,eelgrass,south,Open bay_harbor,large_embayment,,,
27,DJGSite-027,Site-027,Base,None,-117.2241517,32.77866572,large_embayment,4194.4,0.000238413,None,PMH-7985,Mission Bay,2023,per meeting,south,Open bay_harbor,large_embayment,,,
28,DJGSite-028,Site-028,Base,None,-117.2175375,32.79062063,large_embayment,4194.4,0.000238413,None,PNH-7925,Mission Bay,2023,per meeting,south,Open bay_harbor,large_embayment,,,
29,DJGSite-029,Site-029,Base,None,-117.1321152,32.61149774,large_embayment,4194.4,0.000238413,None,QCC-8801,San Diego Bay,2017,eelgrass,south,Open bay_harbor,large_embayment,,,
30,DJGSite-030,Site-030,Base,None,-117.1618515,32.67727487,large_embayment,4194.4,0.000238413,None,PWX-8479,San Diego Bay,2017,eelgrass,south,Open bay_harbor,large_embayment,,,
31,DJGSite-031,Site-031,Over,Next,-117.30543,33.0851785,estuary,856.2,0.001167951,None,OXN-6477,Batiquitos Lagoon,2022,san_diego_eelgrass_sites_2021_2022_2023\batiquitos_lagoon_eelgrass_aug2022.shp,south,Large perenially-open lagoon,estuary,,,
32,DJGSite-032,Site-032,Over,Next,-117.2566436,32.93416723,estuary,856.2,0.001167951,None,PGE-7219,Los Penasquitos,2022,san_diego_eelgrass_sites_2021_2022_2023\los_penasquitos_eelgrass_march2022.shp,south,Large river valley estuary,estuary,,,
33,DJGSite-033,Site-033,Over,Next,-118.0367281,33.69436155,estuary,856.2,0.001167951,None,KHP-3533,Bolsa chica - fully tidal,2022,polygons_new_2022,south central,Large perenially-open lagoon,estuary,,,
34,DJGSite-034,Site-034,Over,Next,-118.0645762,33.73901399,estuary,856.2,0.001167951,None,KCZ-3314,Anaheim Bay,2023,per meeting,south,Large perenially-open lagoon,estuary,,,
35,DJGSite-035,Site-035,Over,Next,-117.3014386,33.09072598,estuary,856.2,0.001167951,None,OYD-6449,Batiquitos Lagoon,2022,san_diego_eelgrass_sites_2021_2022_2023\batiquitos_lagoon_eelgrass_aug2022.shp,south,Large perenially-open lagoon,estuary,,,
36,DJGSite-036,Site-036,Over,Next,-117.2505629,32.9692997,estuary,856.2,0.001167951,None,PGZ-7044,San Dieguito,2022,san_diego_eelgrass_sites_2021_2022_2023\san_dieguito_eelgrass_oct2022.shp,south,Large river valley estuary,estuary,,,
37,DJGSite-037,Site-037,Over,Next,-118.0800962,33.735847,estuary,856.2,0.001167951,None,KAN-3331,Anaheim Bay,2023,per meeting,south,Large perenially-open lagoon,estuary,,,
38,DJGSite-038,Site-038,Over,Next,-118.0743128,33.73554725,estuary,856.2,0.001167951,None,KBL-3332,Anaheim Bay,2023,per meeting,south,Large perenially-open lagoon,estuary,,,
39,DJGSite-039,Site-039,Over,Next,-117.3359864,33.14541746,estuary,856.2,0.001167951,None,OSH-6182,Agua Hedionda Lagoon,2021,san_diego_eelgrass_sites_2021_2022_2023\agua_hedionda_lagoon_eelgrass_april2021.shp,south,Large perenially-open lagoon,estuary,,,
40,DJGSite-040,Site-040,Over,Next,-117.3291963,33.14437046,estuary,856.2,0.001167951,None,OTJ-6187,Agua Hedionda Lagoon,2021,san_diego_eelgrass_sites_2021_2022_2023\agua_hedionda_lagoon_eelgrass_april2021.shp,south,Large perenially-open lagoon,estuary,,,
41,DJGSite-041,Site-041,Over,Next,-118.0343576,33.69270683,estuary,856.2,0.001167951,None,KHZ-3541,Bolsa chica - fully tidal,2022,polygons_new_2022,south central,Large perenially-open lagoon,estuary,,,
42,DJGSite-042,Site-042,Over,Next,-118.0642369,33.73205172,estuary,856.2,0.001167951,None,KDB-3348,Anaheim Bay,2023,per meeting,south,Large perenially-open lagoon,estuary,,,
43,DJGSite-043,Site-043,Over,Next,-117.2902397,33.08848122,estuary,856.2,0.001167951,None,OZY-6459,Batiquitos Lagoon,2022,san_diego_eelgrass_sites_2021_2022_2023\batiquitos_lagoon_eelgrass_aug2022.shp,south,Large perenially-open lagoon,estuary,,,
44,DJGSite-044,Site-044,Over,Next,-117.2514894,32.9691818,estuary,856.2,0.001167951,None,PGV-7045,San Dieguito,2022,san_diego_eelgrass_sites_2021_2022_2023\san_dieguito_eelgrass_oct2022.shp,south,Large river valley estuary,estuary,,,
45,DJGSite-045,Site-045,Over,Next,-118.1356877,33.77112117,estuary,856.2,0.001167951,None,JRN-3161,Colorado lagoon,2022,polygons_new_2022,north central,Intermittently open estuary,estuary,,,
46,DJGSite-046,Site-046,Over,Next,-118.0628642,33.73677872,estuary,856.2,0.001167951,None,KDG-3325,Anaheim Bay,2023,per meeting,south,Large perenially-open lagoon,estuary,,,
47,DJGSite-047,Site-047,Over,Next,-117.4117444,33.23220442,estuary,856.2,0.001167951,None,OFR-5761,Santa Margarita,2022,san_diego_eelgrass_sites_2021_2022_2023\santa_margarita_eelgrass_oct2022.shp,south,Large river valley estuary,estuary,,,
48,DJGSite-048,Site-048,Over,Next,-117.277517,33.01403582,estuary,856.2,0.001167951,None,PCK-6826,San Elijo,2022,san_diego_eelgrass_sites_2021_2022_2023\san_elijo_lagoon_eelgrass_oct2022.shp,south,Large river valley estuary,estuary,,,
49,DJGSite-049,Site-049,Over,Next,-118.0811879,33.7306215,estuary,856.2,0.001167951,None,KAJ-3357,Anaheim Bay,2023,per meeting,south,Large perenially-open lagoon,estuary,,,
50,DJGSite-050,Site-050,Over,Next,-118.0674744,33.73549003,estuary,856.2,0.001167951,None,KCN-3332,Anaheim Bay,2023,per meeting,south,Large perenially-open lagoon,estuary,,,
51,DJGSite-051,Site-051,Over,Next,-117.2868633,33.08917567,estuary,856.2,0.001167951,None,PAM-6455,Batiquitos Lagoon,2022,san_diego_eelgrass_sites_2021_2022_2023\batiquitos_lagoon_eelgrass_aug2022.shp,south,Large perenially-open lagoon,estuary,,,
52,DJGSite-052,Site-052,Over,Next,-117.2607187,32.97098979,estuary,856.2,0.001167951,None,PFI-7037,San Dieguito,2022,san_diego_eelgrass_sites_2021_2022_2023\san_dieguito_eelgrass_oct2022.shp,south,Large river valley estuary,estuary,,,
53,DJGSite-053,Site-053,Over,Next,-118.0797946,33.7283793,estuary,856.2,0.001167951,None,KAP-3368,Anaheim Bay,2023,per meeting,south,Large perenially-open lagoon,estuary,,,
54,DJGSite-054,Site-054,Over,Next,-118.07795,33.73480219,estuary,856.2,0.001167951,None,KAW-3336,Anaheim Bay,2023,per meeting,south,Large perenially-open lagoon,estuary,,,
55,DJGSite-055,Site-055,Over,Next,-117.3349383,33.14641333,estuary,856.2,0.001167951,None,OSL-6177,Agua Hedionda Lagoon,2021,san_diego_eelgrass_sites_2021_2022_2023\agua_hedionda_lagoon_eelgrass_april2021.shp,south,Large perenially-open lagoon,estuary,,,
56,DJGSite-056,Site-056,Over,Next,-117.3253154,33.13923479,estuary,856.2,0.001167951,None,OUA-6212,Agua Hedionda Lagoon,2021,san_diego_eelgrass_sites_2021_2022_2023\agua_hedionda_lagoon_eelgrass_april2021.shp,south,Large perenially-open lagoon,estuary,,,
57,DJGSite-057,Site-057,Over,Next,-118.0354866,33.68607018,estuary,856.2,0.001167951,None,KHV-3574,Bolsa chica - fully tidal,2022,polygons_new_2022,south central,Large perenially-open lagoon,estuary,,,
58,DJGSite-058,Site-058,Over,Next,-118.072789,33.74250333,estuary,856.2,0.001167951,None,KBR-3297,Anaheim Bay,2023,per meeting,south,Large perenially-open lagoon,estuary,,,
59,DJGSite-059,Site-059,Over,Next,-117.2930533,33.09012847,estuary,856.2,0.001167951,None,OZM-6451,Batiquitos Lagoon,2022,san_diego_eelgrass_sites_2021_2022_2023\batiquitos_lagoon_eelgrass_aug2022.shp,south,Large perenially-open lagoon,estuary,,,
60,DJGSite-060,Site-060,Over,Next,-117.2653926,32.97243144,estuary,856.2,0.001167951,None,PEO-7031,San Dieguito,2022,san_diego_eelgrass_sites_2021_2022_2023\san_dieguito_eelgrass_oct2022.shp,south,Large river valley estuary,estuary,,,
61,DJGSite-061,Site-061,Over,Next,-118.161329,33.7605966,small_embayment,372.8,0.002682403,None,JNM-3215,East San Pedro Bay,2016,eelgrass,north central,Open bay_harbor,small_embayment,Accept,,Site-015
62,DJGSite-062,Site-062,Over,Next,-117.9627508,33.6357694,small_embayment,372.8,0.002682403,None,KTQ-3817,Huntington - talbert,2022,polygons_new_2022,south central,Open bay_harbor,small_embayment,Accept,,Site-011
63,DJGSite-063,Site-063,Over,Next,-117.8888789,33.64066976,small_embayment,372.8,0.002682403,None,LFK-3786,Newport back bay,2022,polygons_new_2022,south central,Open bay_harbor,small_embayment,Reject,No Grass - desktop,
64,DJGSite-064,Site-064,Over,Next,-117.4035522,33.2110297,small_embayment,372.8,0.002682403,None,OHC-5865,Oceanside Harbor,2022,san_diego_eelgrass_sites_2021_2022_2023\oceanside_harbor_eelgrass_oct2022.shp,south,Open bay_harbor,small_embayment,Accept,,Site-019
65,DJGSite-065,Site-065,Over,Next,-118.1796692,33.7624956,small_embayment,372.8,0.002682403,None,JKO-3207,East San Pedro Bay,2016,eelgrass,north central,Open bay_harbor,small_embayment,,,
66,DJGSite-066,Site-066,Over,Next,-117.9668995,33.63956479,small_embayment,372.8,0.002682403,None,KSY-3799,Huntington - brookhurst,2022,polygons_new_2022,south central,Open bay_harbor,small_embayment,,,
67,DJGSite-067,Site-067,Over,Next,-117.8866176,33.62385045,small_embayment,372.8,0.002682403,None,LFV-3869,Newport back bay,2022,polygons_new_2022,south central,Open bay_harbor,small_embayment,,,
68,DJGSite-068,Site-068,Over,Next,-117.9026498,33.62115667,small_embayment,372.8,0.002682403,None,LDH-3884,Newport back bay,2022,polygons_new_2022,south central,Open bay_harbor,small_embayment,,,
69,DJGSite-069,Site-069,Over,Next,-118.2834936,33.71349401,small_embayment,372.8,0.002682403,None,IUE-3458,Cabrillo Marina,2022,polygons_new_2022,north central,Open bay_harbor,small_embayment,,,
70,DJGSite-070,Site-070,Over,Next,-117.9658723,33.63937096,small_embayment,372.8,0.002682403,None,KTD-3799,Huntington - brookhurst,2022,polygons_new_2022,south central,Open bay_harbor,small_embayment,,,
71,DJGSite-071,Site-071,Over,Next,-117.8996296,33.62016712,small_embayment,372.8,0.002682403,None,LDU-3889,Newport back bay,2022,polygons_new_2022,south central,Open bay_harbor,small_embayment,,,
72,DJGSite-072,Site-072,Over,Next,-117.3982141,33.21593763,small_embayment,372.8,0.002682403,None,OHY-5840,Del Mar Boat Basin,2021,san_diego_eelgrass_sites_2021_2022_2023\delmarboatbasin_eelgrass_oct2021.shp,south,Open bay_harbor,small_embayment,,,
73,DJGSite-073,Site-073,Over,Next,-118.1804475,33.76129171,small_embayment,372.8,0.002682403,None,JKL-3213,East San Pedro Bay,2016,eelgrass,north central,Open bay_harbor,small_embayment,,,
74,DJGSite-074,Site-074,Over,Next,-117.9723711,33.64106461,small_embayment,372.8,0.002682403,None,KSC-3792,Huntington - brookhurst,2022,polygons_new_2022,south central,Open bay_harbor,small_embayment,,,
75,DJGSite-075,Site-075,Over,Next,-117.8865821,33.64546824,small_embayment,372.8,0.002682403,None,LFT-3762,Newport back bay,2022,polygons_new_2022,south central,Open bay_harbor,small_embayment,,,
76,DJGSite-076,Site-076,Over,Next,-117.8961636,33.62043115,small_embayment,372.8,0.002682403,None,LEI-3887,Newport back bay,2022,polygons_new_2022,south central,Open bay_harbor,small_embayment,,,
77,DJGSite-077,Site-077,Over,Next,-118.281534,33.71487613,small_embayment,372.8,0.002682403,None,IUM-3451,Cabrillo Marina,2022,polygons_new_2022,north central,Open bay_harbor,small_embayment,,,
78,DJGSite-078,Site-078,Over,Next,-118.1402132,33.75367389,small_embayment,372.8,0.002682403,None,JQW-3248,East San Pedro Bay,2016,eelgrass,north central,Open bay_harbor,small_embayment,,,
79,DJGSite-079,Site-079,Over,Next,-117.8883328,33.64308024,small_embayment,372.8,0.002682403,None,LFM-3774,Newport back bay,2022,polygons_new_2022,south central,Open bay_harbor,small_embayment,,,
80,DJGSite-080,Site-080,Over,Next,-117.6976178,33.45676134,small_embayment,372.8,0.002682403,None,MKU-4679,Dana Point Harbor Common Eelgrass Beds,2023,san_diego_eelgrass_sites_2021_2022_2023\dana_point_harbor_eelgrass_march2023.shp,south central,Open bay_harbor,small_embayment,,,
81,DJGSite-081,Site-081,Over,Next,-118.1632685,33.76049171,small_embayment,372.8,0.002682403,None,JNE-3216,East San Pedro Bay,2016,eelgrass,north central,Open bay_harbor,small_embayment,,,
82,DJGSite-082,Site-082,Over,Next,-117.9662866,33.63883839,small_embayment,372.8,0.002682403,None,KTB-3802,Huntington - brookhurst,2022,polygons_new_2022,south central,Open bay_harbor,small_embayment,,,
83,DJGSite-083,Site-083,Over,Next,-117.8871988,33.6313592,small_embayment,372.8,0.002682403,None,LFS-3832,Newport back bay,2022,polygons_new_2022,south central,Open bay_harbor,small_embayment,,,
84,DJGSite-084,Site-084,Over,Next,-117.9019327,33.62094166,small_embayment,372.8,0.002682403,None,LDK-3885,Newport back bay,2022,polygons_new_2022,south central,Open bay_harbor,small_embayment,,,
85,DJGSite-085,Site-085,Over,Next,-118.15942,33.76034171,small_embayment,372.8,0.002682403,None,JNU-3216,East San Pedro Bay,2016,eelgrass,north central,Open bay_harbor,small_embayment,,,
86,DJGSite-086,Site-086,Over,Next,-117.9601891,33.63471269,small_embayment,372.8,0.002682403,None,KUB-3822,Huntington - talbert,2022,polygons_new_2022,south central,Open bay_harbor,small_embayment,,,
87,DJGSite-087,Site-087,Over,Next,-117.9050487,33.61877717,small_embayment,372.8,0.002682403,None,LCX-3896,Newport back bay,2022,polygons_new_2022,south central,Open bay_harbor,small_embayment,,,
88,DJGSite-088,Site-088,Over,Next,-117.4030431,33.21325592,small_embayment,372.8,0.002682403,None,OHE-5854,Del Mar Boat Basin,2021,san_diego_eelgrass_sites_2021_2022_2023\delmarboatbasin_eelgrass_oct2021.shp,south,Open bay_harbor,small_embayment,,,
89,DJGSite-089,Site-089,Over,Next,-118.1469067,33.75668975,small_embayment,372.8,0.002682403,None,JPU-3233,East San Pedro Bay,2016,eelgrass,north central,Open bay_harbor,small_embayment,,,
90,DJGSite-090,Site-090,Over,Next,-117.9762647,33.64340728,small_embayment,372.8,0.002682403,None,KRL-3780,Huntington - magnolia,2022,polygons_new_2022,south central,Open bay_harbor,small_embayment,,,
91,DJGSite-091,Site-091,Over,Next,-117.2106413,32.78317745,large_embayment,4194.4,0.000238413,None,POL-7961,Mission Bay,2023,per meeting,south,Open bay_harbor,large_embayment,,,
92,DJGSite-092,Site-092,Over,Next,-117.8982109,33.60503137,large_embayment,4194.4,0.000238413,None,LEB-3964,Newport Bay,2016,eelgrass,south central,Open bay_harbor,large_embayment,,,
93,DJGSite-093,Site-093,Over,Next,-117.1214304,32.61748605,large_embayment,4194.4,0.000238413,None,QDU-8770,San Diego Bay,2017,eelgrass,south,Open bay_harbor,large_embayment,,,
94,DJGSite-094,Site-094,Over,Next,-117.140785,32.69009932,large_embayment,4194.4,0.000238413,None,QAG-8413,San Diego Bay,2017,eelgrass,south,Open bay_harbor,large_embayment,,,
95,DJGSite-095,Site-095,Over,Next,-117.2415001,32.7734391,large_embayment,4194.4,0.000238413,None,PJN-8013,Mission Bay,2023,per meeting,south,Open bay_harbor,large_embayment,,,
96,DJGSite-096,Site-096,Over,Next,-117.8838947,33.60164337,large_embayment,4194.4,0.000238413,None,LGJ-3979,Newport Bay,2016,eelgrass,south central,Open bay_harbor,large_embayment,,,
97,DJGSite-097,Site-097,Over,Next,-117.106413,32.62477539,large_embayment,4194.4,0.000238413,None,QGE-8732,San Diego Bay,2017,eelgrass,south,Open bay_harbor,large_embayment,,,
98,DJGSite-098,Site-098,Over,Next,-117.2140937,32.67525745,large_embayment,4194.4,0.000238413,None,POM-8496,San Diego Bay,2017,eelgrass,south,Open bay_harbor,large_embayment,,,
99,DJGSite-099,Site-099,Over,Next,-117.2254813,32.76779128,large_embayment,4194.4,0.000238413,None,PMD-8039,Mission Bay,2023,per meeting,south,Open bay_harbor,large_embayment,,,
100,DJGSite-100,Site-100,Over,Next,-117.2111388,32.78945143,large_embayment,4194.4,0.000238413,None,POI-7930,Mission Bay,2023,per meeting,south,Open bay_harbor,large_embayment,,,
101,DJGSite-101,Site-101,Over,Next,-117.1176278,32.60405306,large_embayment,4194.4,0.000238413,None,QEM-8836,San Diego Bay,2017,eelgrass,south,Open bay_harbor,large_embayment,,,
102,DJGSite-102,Site-102,Over,Next,-117.2218996,32.70630309,large_embayment,4194.4,0.000238413,None,PNB-8343,San Diego Bay,2017,eelgrass,south,Open bay_harbor,large_embayment,,,
103,DJGSite-103,Site-103,Over,Next,-117.2321827,32.78088453,large_embayment,4194.4,0.000238413,None,PKZ-7975,Mission Bay,2023,per meeting,south,Open bay_harbor,large_embayment,,,
104,DJGSite-104,Site-104,Over,Next,-117.8820505,33.59696223,large_embayment,4194.4,0.000238413,None,LGR-4002,Newport Bay,2016,eelgrass,south central,Open bay_harbor,large_embayment,,,
105,DJGSite-105,Site-105,Over,Next,-117.2517926,32.78621549,large_embayment,4194.4,0.000238413,None,PHU-7951,Mission Bay,2023,per meeting,south,Open bay_harbor,large_embayment,,,
106,DJGSite-106,Site-106,Over,Next,-117.1440664,32.6494015,large_embayment,4194.4,0.000238413,None,PZY-8615,San Diego Bay,2017,eelgrass,south,Open bay_harbor,large_embayment,,,
107,DJGSite-107,Site-107,Over,Next,-117.1912955,32.7244294,large_embayment,4194.4,0.000238413,None,PRX-8249,San Diego Bay,2017,eelgrass,south,Open bay_harbor,large_embayment,,,
108,DJGSite-108,Site-108,Over,Next,-117.2142366,32.79639605,large_embayment,4194.4,0.000238413,None,PNU-7896,Mission Bay,2023,per meeting,south,Open bay_harbor,large_embayment,,,
109,DJGSite-109,Site-109,Over,Next,-117.1275086,32.61462296,large_embayment,4194.4,0.000238413,None,QCV-8785,San Diego Bay,2017,eelgrass,south,Open bay_harbor,large_embayment,,,
110,DJGSite-110,Site-110,Over,Next,-117.1487602,32.67977523,large_embayment,4194.4,0.000238413,None,PZA-8465,San Diego Bay,2017,eelgrass,south,Open bay_harbor,large_embayment,,,
111,DJGSite-111,Site-111,Over,Next,-117.2138072,32.77538418,large_embayment,4194.4,0.000238413,None,PNZ-8000,Mission Bay,2023,per meeting,south,Open bay_harbor,large_embayment,,,
112,DJGSite-112,Site-112,Over,Next,-117.8920002,33.60047679,large_embayment,4194.4,0.000238413,None,LFB-3986,Newport Bay,2016,eelgrass,south central,Open bay_harbor,large_embayment,,,
113,DJGSite-113,Site-113,Over,Next,-117.1267332,32.62250964,large_embayment,4194.4,0.000238413,None,QCX-8746,San Diego Bay,2017,eelgrass,south,Open bay_harbor,large_embayment,,,
114,DJGSite-114,Site-114,Over,Next,-117.1671509,32.7082489,large_embayment,4194.4,0.000238413,None,PVW-8327,San Diego Bay,2017,eelgrass,south,Open bay_harbor,large_embayment,,,
115,DJGSite-115,Site-115,Over,Next,-117.2196732,32.77027297,large_embayment,4194.4,0.000238413,None,PNB-8026,Mission Bay,2023,per meeting,south,Open bay_harbor,large_embayment,,,
116,DJGSite-116,Site-116,Over,Next,-117.9023996,33.61308503,large_embayment,4194.4,0.000238413,None,LDJ-3924,Newport Bay,2016,eelgrass,south central,Open bay_harbor,large_embayment,,,
117,DJGSite-117,Site-117,Over,Next,-117.1558273,32.6696915,large_embayment,4194.4,0.000238413,None,PXY-8516,San Diego Bay,2017,eelgrass,south,Open bay_harbor,large_embayment,,,
118,DJGSite-118,Site-118,Over,Next,-117.2329709,32.70584086,large_embayment,4194.4,0.000238413,None,PLH-8347,San Diego Bay,2017,eelgrass,south,Open bay_harbor,large_embayment,,,
119,DJGSite-119,Site-119,Over,Next,-117.2356484,32.77026485,large_embayment,4194.4,0.000238413,None,PKM-8028,Mission Bay,2023,per meeting,south,Open bay_harbor,large_embayment,,,
120,DJGSite-120,Site-120,Over,Next,-118.2532275,33.74665156,large_embayment,4194.4,0.000238413,None,IYW-3291,Port of Los Angeles/Port of Long Beach,2018,eelgrass,north central,Open bay_harbor,large_embayment,,,
